Date;Highprice;Lowprice;Closingprice;Gennemsnitligepris;Totalvolume;Oms√¶tning;
2021-08-20;2009,60;1987,65;2007,49;;1;;
2021-08-19;2002,60;1976,39;1993,86;;1;;
2021-08-18;2011,42;1992,03;2009,14;;1;;
2021-08-17;1997,82;1967,40;1996,20;;1;;
2021-08-16;1984,27;1969,12;1977,70;;1;;
2021-08-13;1986,13;1969,16;1980,10;;1;;
2021-08-12;1970,95;1955,83;1964,73;;1;;
2021-08-11;1982,03;1958,40;1969,59;;1;;
2021-08-10;1992,15;1972,93;1975,52;;1;;
2021-08-09;1981,60;1958,96;1976,63;;1;;
2021-08-06;1977,17;1954,61;1957,61;;1;;
2021-08-05;1984,16;1972,04;1980,27;;1;;
2021-08-04;1969,06;1939,46;1965,84;;1;;
2021-08-03;1947,16;1932,48;1936,22;;1;;
2021-08-02;1940,31;1915,99;1933,32;;1;;
2021-07-30;1931,03;1900,67;1925,60;;1;;
2021-07-29;1938,04;1907,70;1916,05;;1;;
2021-07-28;1929,46;1898,51;1925,06;;1;;
2021-07-27;1911,36;1895,70;1902,68;;1;;
2021-07-26;1930,47;1911,06;1914,88;;1;;
2021-07-23;1932,04;1911,35;1922,46;;1;;
2021-07-22;1926,53;1898,63;1925,52;;1;;
2021-07-21;1905,36;1878,30;1904,63;;1;;
2021-07-20;1891,13;1860,34;1872,68;;1;;
2021-07-19;1892,08;1855,74;1875,74;;1;;
2021-07-16;1903,36;1885,42;1894,35;;1;;
2021-07-15;1919,49;1893,23;1895,50;;1;;
2021-07-14;1927,01;1908,31;1920,09;;1;;
2021-07-13;1927,00;1909,56;1923,86;;1;;
2021-07-12;1925,47;1897,58;1923,62;;1;;
2021-07-09;1916,39;1881,58;1897,15;;1;;
2021-07-08;1926,49;1901,30;1903,30;;1;;
2021-07-07;1931,91;1902,15;1925,73;;1;;
2021-07-06;1911,51;1887,34;1902,37;;1;;
2021-07-05;1891,13;1876,05;1886,40;;1;;
2021-07-02;1899,29;1878,55;1883,55;;1;;
2021-07-01;1893,54;1867,68;1888,88;;1;;
2021-06-30;1879,07;1854,24;1860,41;;1;;
2021-06-29;1877,08;1853,41;1868,65;;1;;
2021-06-28;1857,20;1842,87;1856,16;;1;;
2021-06-25;1850,46;1840,24;1847,02;;1;;
2021-06-24;1847,82;1826,99;1845,24;;1;;
2021-06-23;1847,09;1825,05;1825,89;;1;;
2021-06-22;1846,23;1830,38;1839,80;;1;;
2021-06-21;1836,35;1811,85;1836,35;;1;;
2021-06-18;1855,67;1825,69;1828,22;;1;;
2021-06-17;1844,83;1823,62;1838,66;;1;;
2021-06-16;1857,88;1835,94;1854,45;;1;;
2021-06-15;1845,70;1831,49;1837,63;;1;;
2021-06-14;1830,98;1819,01;1830,56;;1;;
2021-06-11;1829,80;1810,92;1815,04;;1;;
2021-06-10;1826,25;1796,90;1813,74;;1;;
2021-06-09;1820,02;1799,65;1815,42;;1;;
2021-06-08;1814,17;1794,18;1802,23;;1;;
2021-06-07;1806,95;1794,13;1806,36;;1;;
2021-06-04;1800,40;1783,89;1799,79;;1;;
2021-06-03;1794,47;1768,64;1787,96;;1;;
2021-06-02;1818,47;1784,47;1786,33;;1;;
2021-06-01;1817,30;1797,37;1807,12;;1;;
2021-05-31;1813,97;1793,05;1793,05;;1;;
2021-05-28;1810,38;1777,85;1805,89;;1;;
2021-05-27;1805,29;1781,81;1782,30;;1;;
2021-05-26;1815,10;1799,45;1801,52;;1;;
2021-05-25;1815,78;1800,03;1803,01;;1;;
2021-05-21;1803,03;1781,55;1796,89;;1;;
2021-05-20;1779,43;1752,19;1776,84;;1;;
2021-05-19;1751,71;1727,86;1743,61;;1;;
2021-05-18;1767,72;1749,79;1754,81;;1;;
2021-05-17;1748,48;1721,50;1742,44;;1;;
2021-05-12;1744,08;1716,82;1718,43;;1;;
2021-05-11;1755,65;1710,61;1726,27;;1;;
2021-05-10;1779,14;1764,59;1772,84;;1;;
2021-05-07;1779,95;1755,06;1779,53;;1;;
2021-05-06;1781,12;1748,43;1750,52;;1;;
2021-05-05;1779,22;1748,34;1771,03;;1;;
2021-05-04;1782,79;1730,01;1734,58;;1;;
2021-05-03;1776,52;1758,44;1769,41;;1;;
2021-04-29;1792,05;1765,05;1766,36;;1;;
2021-04-28;1792,76;1764,89;1781,11;;1;;
2021-04-27;1812,53;1779,03;1788,48;;1;;
2021-04-26;1783,56;1763,54;1765,21;;1;;
2021-04-23;1771,84;1754,95;1761,54;;1;;
2021-04-22;1766,45;1722,43;1763,85;;1;;
2021-04-21;1726,26;1708,02;1724,87;;1;;
2021-04-20;1733,85;1705,26;1705,26;;1;;
2021-04-19;1750,94;1727,53;1727,53;;1;;
2021-04-16;1741,62;1722,10;1737,89;;1;;
2021-04-15;1721,51;1706,45;1719,26;;1;;
2021-04-14;1729,89;1705,85;1706,24;;1;;
2021-04-13;1721,65;1704,83;1719,58;;1;;
2021-04-12;1728,51;1701,69;1703,76;;1;;
2021-04-09;1725,59;1701,78;1724,42;;1;;
2021-04-08;1712,46;1681,43;1710,22;;1;;
2021-04-07;1705,91;1677,97;1679,70;;1;;
2021-04-06;1713,25;1685,70;1695,96;;1;;
2021-03-31;1702,77;1661,30;1689,80;;1;;
2021-03-30;1672,11;1660,21;1665,35;;1;;
2021-03-29;1666,68;1642,76;1663,07;;1;;
2021-03-26;1651,25;1627,96;1651,25;;1;;
2021-03-25;1623,60;1605,69;1620,67;;1;;
2021-03-24;1639,40;1616,41;1619,52;;1;;
2021-03-23;1652,52;1635,46;1640,14;;1;;
2021-03-22;1653,34;1622,10;1649,25;;1;;
2021-03-19;1640,61;1615,13;1637,03;;1;;
2021-03-18;1634,82;1608,34;1630,60;;1;;
2021-03-17;1654,90;1614,05;1623,06;;1;;
2021-03-16;1657,61;1635,49;1655,74;;1;;
2021-03-15;1642,01;1629,98;1636,08;;1;;
2021-03-12;1639,01;1617,82;1624,13;;1;;
2021-03-11;1648,54;1618,14;1642,26;;1;;
2021-03-10;1625,79;1594,38;1621,94;;1;;
2021-03-09;1612,33;1558,63;1607,33;;1;;
2021-03-08;1561,17;1533,93;1556,40;;1;;
2021-03-05;1559,17;1538,08;1538,82;;1;;
2021-03-04;1584,72;1549,01;1560,01;;1;;
2021-03-03;1625,74;1575,06;1580,93;;1;;
2021-03-02;1643,25;1620,68;1620,93;;1;;
2021-03-01;1638,90;1625,46;1633,01;;1;;
2021-02-26;1629,05;1593,19;1606,86;;1;;
2021-02-25;1636,17;1621,46;1627,61;;1;;
2021-02-24;1627,05;1604,50;1609,75;;1;;
2021-02-23;1650,28;1591,09;1615,97;;1;;
2021-02-22;1670,65;1645,22;1645,22;;1;;
2021-02-19;1686,11;1662,80;1676,75;;1;;
2021-02-18;1711,69;1677,41;1678,12;;1;;
2021-02-17;1712,08;1693,20;1701,43;;1;;
2021-02-16;1718,31;1708,31;1711,93;;1;;
2021-02-15;1712,69;1701,30;1710,28;;1;;
2021-02-12;1697,79;1675,73;1696,00;;1;;
2021-02-11;1672,77;1633,32;1672,01;;1;;
2021-02-10;1658,85;1626,40;1631,47;;1;;
2021-02-09;1672,97;1656,53;1660,03;;1;;
2021-02-08;1688,62;1668,61;1672,76;;1;;
2021-02-05;1685,89;1671,72;1679,40;;1;;
2021-02-04;1697,76;1661,10;1665,23;;1;;
2021-02-03;1690,66;1669,69;1675,26;;1;;
2021-02-02;1669,71;1643,90;1665,37;;1;;
2021-02-01;1645,07;1620,21;1639,48;;1;;
2021-01-29;1631,75;1608,86;1612,51;;1;;
2021-01-28;1646,02;1562,23;1644,17;;1;;
2021-01-27;1662,26;1605,89;1628,07;;1;;
2021-01-26;1690,47;1665,73;1667,63;;1;;
2021-01-25;1696,31;1673,31;1688,72;;1;;
2021-01-22;1694,93;1672,85;1685,72;;1;;
2021-01-21;1708,85;1687,35;1691,06;;1;;
2021-01-20;1693,18;1673,87;1689,91;;1;;
2021-01-19;1688,83;1670,36;1686,82;;1;;
2021-01-18;1677,76;1650,14;1667,86;;1;;
2021-01-15;1677,63;1649,17;1657,63;;1;;
2021-01-14;1678,70;1666,09;1676,51;;1;;
2021-01-13;1672,46;1639,60;1671,63;;1;;
2021-01-12;1700,63;1662,93;1664,55;;1;;
2021-01-11;1705,45;1683,91;1690,54;;1;;
2021-01-08;1716,25;1697,20;1706,57;;1;;
2021-01-07;1700,70;1686,05;1691,89;;1;;
2021-01-06;1692,00;1671,97;1673,52;;1;;
2021-01-05;1701,95;1678,93;1680,59;;1;;
2021-01-04;1707,68;1686,97;1701,55;;1;;
2020-12-30;1695,17;1676,67;1676,67;;1;;
2020-12-29;1696,16;1682,32;1688,22;;1;;
2020-12-28;1683,32;1655,62;1682,93;;1;;
2020-12-23;1664,21;1643,55;1649,42;;1;;
2020-12-22;1654,25;1639,77;1654,20;;1;;
2020-12-21;1646,40;1623,22;1634,76;;1;;
2020-12-18;1644,28;1618,93;1643,84;;1;;
2020-12-17;1627,56;1612,28;1618,41;;1;;
2020-12-16;1617,08;1594,62;1612,62;;1;;
2020-12-15;1601,99;1582,58;1595,31;;1;;
2020-12-14;1601,49;1582,10;1600,27;;1;;
2020-12-11;1587,86;1567,76;1581,97;;1;;
2020-12-10;1594,32;1568,98;1576,91;;1;;
2020-12-09;1593,69;1573,06;1588,94;;1;;
2020-12-08;1580,46;1565,57;1579,64;;1;;
2020-12-07;1571,08;1559,54;1563,56;;1;;
2020-12-04;1565,23;1550,15;1554,98;;1;;
2020-12-03;1581,22;1554,04;1554,04;;1;;
2020-12-02;1598,34;1568,22;1575,69;;1;;
2020-12-01;1602,94;1577,90;1581,62;;1;;
2020-11-30;1611,21;1590,73;1596,78;;1;;
2020-11-27;1593,18;1567,13;1593,18;;1;;
2020-11-26;1575,58;1558,96;1572,36;;1;;
2020-11-25;1568,36;1555,86;1562,86;;1;;
2020-11-24;1588,59;1557,46;1558,89;;1;;
2020-11-23;1602,96;1581,85;1582,06;;1;;
2020-11-20;1595,77;1570,12;1595,77;;1;;
2020-11-19;1575,66;1557,37;1569,97;;1;;
2020-11-18;1577,35;1559,10;1564,55;;1;;
2020-11-17;1579,77;1563,46;1564,25;;1;;
2020-11-16;1585,53;1556,49;1570,70;;1;;
2020-11-13;1591,86;1577,15;1578,94;;1;;
2020-11-12;1595,74;1568,41;1585,57;;1;;
2020-11-11;1585,21;1540,85;1579,12;;1;;
2020-11-10;1582,04;1536,80;1552,16;;1;;
2020-11-09;1629,67;1545,84;1562,99;;1;;
2020-11-06;1600,02;1569,68;1586,33;;1;;
2020-11-05;1599,50;1569,47;1593,26;;1;;
2020-11-04;1555,24;1488,86;1555,24;;1;;
2020-11-03;1519,24;1501,37;1514,11;;1;;
2020-11-02;1501,12;1476,99;1497,09;;1;;
2020-10-30;1497,69;1481,95;1485,11;;1;;
2020-10-29;1503,11;1453,16;1493,91;;1;;
2020-10-28;1504,15;1461,54;1464,51;;1;;
2020-10-27;1509,84;1493,82;1501,66;;1;;
2020-10-26;1527,70;1497,76;1501,83;;1;;
2020-10-23;1534,64;1525,09;1529,24;;1;;
2020-10-22;1541,56;1525,76;1526,36;;1;;
2020-10-21;1567,14;1541,22;1541,22;;1;;
2020-10-20;1576,67;1564,31;1566,89;;1;;
2020-10-19;1588,78;1569,76;1569,76;;1;;
2020-10-16;1583,36;1571,10;1579,13;;1;;
2020-10-15;1587,57;1568,04;1570,79;;1;;
2020-10-14;1605,89;1590,04;1598,27;;1;;
2020-10-13;1602,54;1588,39;1597,00;;1;;
2020-10-12;1597,11;1571,94;1597,11;;1;;
2020-10-09;1569,48;1555,77;1565,08;;1;;
2020-10-08;1552,31;1539,85;1549,31;;1;;
2020-10-07;1544,14;1531,06;1536,63;;1;;
2020-10-06;1542,65;1526,87;1528,29;;1;;
2020-10-05;1539,83;1525,15;1539,83;;1;;
2020-10-02;1520,95;1508,87;1517,84;;1;;
2020-10-01;1529,12;1510,40;1525,68;;1;;
2020-09-30;1516,25;1503,60;1508,36;;1;;
2020-09-29;1516,13;1497,04;1512,51;;1;;
2020-09-28;1496,25;1485,34;1495,69;;1;;
2020-09-25;1472,61;1458,43;1472,61;;1;;
2020-09-24;1475,77;1461,12;1465,21;;1;;
2020-09-23;1484,43;1456,80;1483,08;;1;;
2020-09-22;1490,53;1463,49;1475,27;;1;;
2020-09-21;1488,88;1461,33;1469,48;;1;;
2020-09-18;1495,11;1487,63;1491,36;;1;;
2020-09-17;1493,77;1476,19;1492,81;;1;;
2020-09-16;1492,73;1481,22;1488,79;;1;;
2020-09-15;1485,13;1465,58;1477,99;;1;;
2020-09-14;1477,37;1459,74;1463,51;;1;;
2020-09-11;1472,66;1463,72;1465,33;;1;;
2020-09-10;1476,77;1463,40;1468,96;;1;;
2020-09-09;1477,84;1443,37;1474,58;;1;;
2020-09-08;1468,85;1427,97;1439,29;;1;;
2020-09-07;1466,74;1441,33;1464,53;;1;;
2020-09-04;1470,28;1425,86;1436,57;;1;;
2020-09-03;1505,24;1471,57;1471,70;;1;;
2020-09-02;1491,58;1472,46;1486,60;;1;;
2020-09-01;1486,45;1465,50;1465,50;;1;;
2020-08-31;1480,67;1472,21;1479,43;;1;;
2020-08-28;1479,95;1465,75;1469,90;;1;;
2020-08-27;1495,07;1478,17;1481,45;;1;;
2020-08-26;1490,51;1469,21;1489,44;;1;;
2020-08-25;1483,61;1474,24;1479,71;;1;;
2020-08-24;1491,37;1477,99;1478,68;;1;;
2020-08-21;1474,79;1458,05;1470,22;;1;;
2020-08-20;1469,47;1457,07;1460,43;;1;;
2020-08-19;1472,23;1453,91;1467,04;;1;;
2020-08-18;1475,68;1448,61;1453,47;;1;;
2020-08-17;1475,65;1459,70;1475,37;;1;;
2020-08-14;1477,85;1460,68;1460,68;;1;;
2020-08-13;1483,94;1463,06;1482,14;;1;;
2020-08-12;1475,14;1454,30;1475,12;;1;;
2020-08-11;1471,92;1450,24;1470,73;;1;;
2020-08-10;1452,45;1437,93;1439,44;;1;;
2020-08-07;1449,63;1431,93;1448,85;;1;;
2020-08-06;1449,75;1430,45;1432,21;;1;;
2020-08-05;1445,86;1434,34;1438,21;;1;;
2020-08-04;1458,44;1424,04;1433,98;;1;;
2020-08-03;1453,12;1419,77;1451,62;;1;;
2020-07-31;1453,54;1422,98;1423,63;;1;;
2020-07-30;1450,66;1425,69;1432,40;;1;;
2020-07-29;1449,74;1438,92;1442,87;;1;;
2020-07-28;1451,62;1440,42;1446,79;;1;;
2020-07-27;1450,04;1435,38;1448,45;;1;;
2020-07-24;1455,34;1437,30;1442,51;;1;;
2020-07-23;1476,36;1465,79;1465,88;;1;;
2020-07-22;1475,55;1461,75;1466,03;;1;;
2020-07-21;1481,03;1468,30;1473,47;;1;;
2020-07-20;1470,34;1446,38;1464,68;;1;;
2020-07-17;1447,17;1438,52;1445,00;;1;;
2020-07-16;1436,85;1421,17;1436,48;;1;;
2020-07-15;1440,15;1417,01;1440,15;;1;;
2020-07-14;1417,17;1403,05;1408,53;;1;;
2020-07-13;1424,47;1407,43;1424,47;;1;;
2020-07-10;1413,83;1399,47;1408,87;;1;;
2020-07-09;1414,09;1403,42;1405,20;;1;;
2020-07-08;1399,83;1387,09;1399,83;;1;;
2020-07-07;1392,53;1377,64;1392,51;;1;;
2020-07-06;1394,84;1381,85;1392,04;;1;;
2020-07-03;1391,68;1378,35;1379,59;;1;;
2020-07-02;1381,48;1362,38;1381,48;;1;;
2020-07-01;1362,26;1345,79;1361,13;;1;;
2020-06-30;1352,75;1342,61;1347,89;;1;;
2020-06-29;1350,82;1336,56;1344,20;;1;;
2020-06-26;1360,17;1341,86;1342,76;;1;;
2020-06-25;1356,38;1336,26;1350,70;;1;;
2020-06-24;1374,96;1353,43;1355,10;;1;;
2020-06-23;1380,37;1371,77;1379,30;;1;;
2020-06-22;1366,29;1354,49;1356,64;;1;;
2020-06-19;1370,12;1352,36;1360,74;;1;;
2020-06-18;1357,56;1343,60;1347,59;;1;;
2020-06-17;1357,67;1338,85;1357,67;;1;;
2020-06-16;1343,69;1330,58;1336,68;;1;;
2020-06-15;1321,14;1285,87;1316,96;;1;;
2020-06-12;1330,74;1296,46;1320,50;;1;;
2020-06-11;1338,86;1318,54;1318,71;;1;;
2020-06-10;1352,06;1333,50;1343,32;;1;;
2020-06-09;1347,89;1324,05;1333,80;;1;;
2020-06-08;1342,57;1319,90;1331,65;;1;;
2020-06-04;1342,49;1331,57;1334,68;;1;;
2020-06-03;1340,19;1325,39;1339,47;;1;;
2020-06-02;1342,62;1319,69;1331,65;;1;;
2020-05-29;1336,64;1318,29;1327,01;;1;;
2020-05-28;1327,65;1300,35;1324,42;;1;;
2020-05-27;1331,69;1287,08;1287,08;;1;;
2020-05-26;1333,52;1317,70;1327,00;;1;;
2020-05-25;1328,82;1297,70;1322,20;;1;;
2020-05-20;1301,68;1279,08;1301,59;;1;;
2020-05-19;1286,51;1274,91;1283,01;;1;;
2020-05-18;1274,65;1256,47;1274,65;;1;;
2020-05-15;1255,86;1239,94;1242,56;;1;;
2020-05-14;1250,66;1233,70;1236,51;;1;;
2020-05-13;1258,35;1240,64;1254,75;;1;;
2020-05-12;1266,46;1252,48;1260,15;;1;;
2020-05-11;1258,75;1245,89;1256,90;;1;;
2020-05-07;1243,87;1228,88;1239,77;;1;;
2020-05-06;1238,58;1221,08;1222,89;;1;;
2020-05-05;1218,46;1206,49;1216,11;;1;;
2020-05-04;1214,04;1201,10;1202,74;;1;;
2020-05-01;1225,47;1211,56;1220,74;;1;;
2020-04-30;1246,19;1230,67;1234,96;;1;;
2020-04-29;1239,69;1224,87;1236,36;;1;;
2020-04-28;1243,15;1225,27;1237,19;;1;;
2020-04-27;1230,17;1220,83;1223,94;;1;;
2020-04-24;1220,66;1211,81;1215,20;;1;;
2020-04-23;1233,71;1206,94;1230,70;;1;;
2020-04-22;1210,66;1202,69;1209,67;;1;;
2020-04-21;1216,47;1201,08;1206,34;;1;;
2020-04-20;1219,90;1205,46;1219,38;;1;;
2020-04-17;1204,75;1193,22;1204,65;;1;;
2020-04-16;1185,06;1166,83;1178,60;;1;;
2020-04-15;1186,49;1162,83;1165,22;;1;;
2020-04-14;1181,21;1161,91;1180,64;;1;;
2020-04-08;1156,28;1140,12;1151,31;;1;;
2020-04-07;1174,82;1155,88;1159,79;;1;;
2020-04-06;1157,70;1135,28;1142,94;;1;;
2020-04-03;1129,66;1106,96;1129,30;;1;;
2020-04-02;1126,18;1095,65;1114,05;;1;;
2020-04-01;1121,62;1100,73;1120,47;;1;;
2020-03-31;1145,00;1119,98;1126,50;;1;;
2020-03-30;1106,94;1063,10;1104,65;;1;;
2020-03-27;1086,11;1067,26;1075,92;;1;;
2020-03-26;1086,45;1049,13;1086,43;;1;;
2020-03-25;1082,49;1038,26;1055,50;;1;;
2020-03-24;1034,23;1007,29;1031,09;;1;;
2020-03-23;1018,68;984,27;990,61;;1;;
2020-03-20;1061,83;1024,50;1031,37;;1;;
2020-03-19;1023,28;996,62;1015,93;;1;;
2020-03-18;1028,03;989,09;1007,04;;1;;
2020-03-17;1047,96;989,49;1032,59;;1;;
2020-03-16;1026,38;959,72;1017,31;;1;;
2020-03-13;1120,39;1031,19;1041,51;;1;;
2020-03-12;1076,24;1027,58;1030,26;;1;;
2020-03-11;1160,94;1114,98;1120,20;;1;;
2020-03-10;1195,11;1135,10;1143,17;;1;;
2020-03-09;1187,00;1143,95;1159,79;;1;;
2020-03-06;1245,81;1212,29;1227,15;;1;;
2020-03-05;1292,59;1257,87;1262,59;;1;;
2020-03-04;1281,48;1255,69;1271,58;;1;;
2020-03-03;1272,70;1245,71;1265,27;;1;;
2020-03-02;1261,61;1215,45;1230,64;;1;;
2020-02-28;1231,31;1201,33;1218,70;;1;;
2020-02-27;1281,74;1237,85;1249,38;;1;;
2020-02-26;1289,53;1225,81;1285,31;;1;;
2020-02-25;1321,47;1279,12;1286,20;;1;;
2020-02-24;1349,48;1306,05;1309,19;;1;;
2020-02-21;1372,47;1358,49;1361,53;;1;;
2020-02-20;1390,30;1370,25;1373,27;;1;;
2020-02-19;1377,67;1364,82;1376,67;;1;;
2020-02-18;1364,58;1341,83;1363,56;;1;;
2020-02-17;1361,11;1348,81;1354,48;;1;;
2020-02-14;1356,69;1348,05;1355,40;;1;;
2020-02-13;1351,01;1338,21;1345,14;;1;;
2020-02-12;1352,09;1339,10;1347,79;;1;;
2020-02-11;1351,88;1334,31;1351,88;;1;;
2020-02-10;1339,24;1325,55;1333,47;;1;;
2020-02-07;1345,87;1334,34;1340,25;;1;;
2020-02-06;1342,84;1325,75;1342,84;;1;;
2020-02-05;1333,28;1292,07;1330,64;;1;;
2020-02-04;1301,15;1278,46;1299,14;;1;;
2020-02-03;1280,50;1272,70;1278,76;;1;;
2020-01-31;1288,00;1276,89;1277,80;;1;;
2020-01-30;1291,78;1274,53;1274,98;;1;;
2020-01-29;1295,41;1277,47;1295,34;;1;;
2020-01-28;1277,65;1263,07;1276,93;;1;;
2020-01-27;1295,27;1268,33;1268,78;;1;;
2020-01-24;1304,56;1289,90;1299,42;;1;;
2020-01-23;1295,79;1284,95;1288,94;;1;;
2020-01-22;1300,36;1286,62;1294,20;;1;;
2020-01-21;1287,36;1276,44;1286,32;;1;;
2020-01-20;1294,10;1283,21;1287,53;;1;;
2020-01-17;1286,74;1273,22;1284,30;;1;;
2020-01-16;1280,55;1268,75;1272,92;;1;;
2020-01-15;1274,03;1251,58;1274,01;;1;;
2020-01-14;1255,01;1243,00;1255,01;;1;;
2020-01-13;1254,47;1247,52;1250,50;;1;;
2020-01-10;1250,72;1242,23;1246,79;;1;;
2020-01-09;1250,70;1240,86;1246,12;;1;;
2020-01-08;1241,64;1231,92;1239,03;;1;;
2020-01-07;1253,73;1237,15;1240,97;;1;;
2020-01-06;1237,05;1219,64;1235,16;;1;;
2020-01-03;1251,98;1237,36;1237,55;;1;;
2020-01-02;1259,59;1251,95;1253,25;;1;;
2019-12-30;1264,90;1253,90;1253,90;;1;;
2019-12-27;1265,38;1255,25;1264,36;;1;;
2019-12-23;1258,88;1247,32;1258,88;;1;;
2019-12-20;1250,37;1240,15;1247,15;;1;;
2019-12-19;1246,72;1236,51;1240,69;;1;;
2019-12-18;1255,83;1240,93;1240,93;;1;;
2019-12-17;1259,70;1252,08;1254,59;;1;;
2019-12-16;1259,45;1235,68;1257,06;;1;;
2019-12-13;1245,94;1231,80;1234,90;;1;;
2019-12-12;1234,60;1227,72;1233,59;;1;;
2019-12-11;1234,21;1225,31;1228,52;;1;;
2019-12-10;1236,50;1224,91;1232,95;;1;;
2019-12-09;1243,75;1231,47;1234,54;;1;;
2019-12-06;1241,15;1228,89;1240,31;;1;;
2019-12-05;1234,21;1223,90;1231,55;;1;;
2019-12-04;1227,34;1215,21;1223,58;;1;;
2019-12-03;1226,58;1212,24;1215,22;;1;;
2019-12-02;1227,55;1214,66;1214,66;;1;;
2019-11-29;1227,83;1218,78;1218,78;;1;;
2019-11-28;1227,22;1222,54;1226,73;;1;;
2019-11-27;1226,66;1219,12;1225,41;;1;;
2019-11-26;1224,58;1210,46;1224,21;;1;;
2019-11-25;1216,01;1196,30;1212,67;;1;;
2019-11-22;1200,63;1184,79;1196,22;;1;;
2019-11-21;1198,97;1186,52;1187,37;;1;;
2019-11-20;1208,22;1196,27;1199,58;;1;;
2019-11-19;1211,67;1204,19;1205,55;;1;;
2019-11-18;1213,61;1203,83;1205,94;;1;;
2019-11-15;1209,83;1200,87;1209,14;;1;;
2019-11-14;1208,73;1196,99;1200,51;;1;;
2019-11-13;1207,37;1191,09;1205,14;;1;;
2019-11-12;1199,92;1193,76;1199,92;;1;;
2019-11-11;1200,50;1190,23;1195,40;;1;;
2019-11-08;1196,27;1182,71;1195,87;;1;;
2019-11-07;1185,27;1166,70;1183,81;;1;;
2019-11-06;1168,63;1157,80;1165,05;;1;;
2019-11-05;1181,41;1165,25;1168,93;;1;;
2019-11-04;1180,60;1170,69;1180,60;;1;;
2019-11-01;1173,02;1148,95;1172,97;;1;;
2019-10-31;1159,00;1148,01;1149,41;;1;;
2019-10-30;1155,81;1145,33;1155,81;;1;;
2019-10-29;1158,86;1135,44;1146,80;;1;;
2019-10-28;1159,70;1145,60;1159,09;;1;;
2019-10-25;1148,93;1142,75;1148,93;;1;;
2019-10-24;1152,88;1142,25;1144,58;;1;;
2019-10-23;1144,45;1135,31;1142,43;;1;;
2019-10-22;1142,42;1128,53;1141,27;;1;;
2019-10-21;1133,52;1121,68;1133,27;;1;;
2019-10-18;1132,37;1121,14;1121,24;;1;;
2019-10-17;1138,14;1122,98;1132,16;;1;;
2019-10-16;1141,84;1126,64;1131,31;;1;;
2019-10-15;1139,83;1127,68;1139,83;;1;;
2019-10-14;1128,04;1115,32;1128,04;;1;;
2019-10-11;1117,37;1104,64;1117,37;;1;;
2019-10-10;1114,42;1094,77;1106,02;;1;;
2019-10-09;1120,34;1108,24;1114,01;;1;;
2019-10-08;1128,20;1110,54;1112,44;;1;;
2019-10-07;1123,28;1113,39;1121,70;;1;;
2019-10-04;1116,38;1101,40;1113,09;;1;;
2019-10-03;1106,30;1092,23;1101,06;;1;;
2019-10-02;1127,89;1098,25;1099,76;;1;;
2019-10-01;1150,55;1128,18;1128,80;;1;;
2019-09-30;1148,62;1141,15;1141,65;;1;;
2019-09-27;1152,40;1143,29;1148,64;;1;;
2019-09-26;1151,07;1140,94;1150,33;;1;;
2019-09-25;1154,15;1138,07;1142,98;;1;;
2019-09-24;1159,19;1149,71;1154,43;;1;;
2019-09-23;1156,39;1145,60;1148,82;;1;;
2019-09-20;1152,30;1143,74;1150,31;;1;;
2019-09-19;1148,29;1142,57;1146,50;;1;;
2019-09-18;1148,03;1141,07;1143,80;;1;;
2019-09-17;1144,75;1137,31;1144,42;;1;;
2019-09-16;1148,58;1138,18;1138,82;;1;;
2019-09-13;1152,03;1142,50;1147,91;;1;;
2019-09-12;1161,64;1145,19;1149,22;;1;;
2019-09-11;1153,26;1132,60;1152,66;;1;;
2019-09-10;1149,76;1122,68;1132,09;;1;;
2019-09-09;1160,39;1147,66;1149,51;;1;;
2019-09-06;1162,17;1153,57;1156,74;;1;;
2019-09-05;1162,05;1152,43;1155,62;;1;;
2019-09-04;1159,69;1145,07;1151,50;;1;;
2019-09-03;1148,63;1136,25;1144,64;;1;;
2019-09-02;1146,24;1133,39;1141,71;;1;;
2019-08-30;1134,21;1121,67;1133,69;;1;;
2019-08-29;1127,89;1117,86;1122,86;;1;;
2019-08-28;1131,91;1119,09;1123,27;;1;;
2019-08-27;1129,83;1121,39;1129,36;;1;;
2019-08-26;1134,39;1114,80;1124,42;;1;;
2019-08-23;1147,81;1131,97;1135,39;;1;;
2019-08-22;1147,43;1135,68;1138,95;;1;;
2019-08-21;1142,47;1124,04;1142,40;;1;;
2019-08-20;1132,84;1120,10;1124,10;;1;;
2019-08-19;1126,10;1113,07;1123,79;;1;;
2019-08-16;1120,76;1096,38;1120,29;;1;;
2019-08-15;1113,30;1086,52;1098,93;;1;;
2019-08-14;1113,45;1098,55;1098,70;;1;;
2019-08-13;1117,61;1098,43;1113,76;;1;;
2019-08-12;1124,86;1103,38;1104,30;;1;;
2019-08-09;1130,28;1113,97;1113,97;;1;;
2019-08-08;1122,21;1104,84;1121,75;;1;;
2019-08-07;1114,50;1097,77;1104,65;;1;;
2019-08-06;1104,41;1089,75;1098,80;;1;;
2019-08-05;1117,05;1089,22;1089,22;;1;;
2019-08-02;1137,69;1117,33;1118,53;;1;;
2019-08-01;1140,97;1121,14;1138,42;;1;;
2019-07-31;1126,21;1116,47;1124,37;;1;;
2019-07-30;1139,18;1117,70;1119,01;;1;;
2019-07-29;1145,11;1135,76;1139,35;;1;;
2019-07-26;1144,34;1137,59;1138,59;;1;;
2019-07-25;1148,36;1136,08;1141,16;;1;;
2019-07-24;1141,68;1133,17;1139,51;;1;;
2019-07-23;1133,44;1127,35;1133,42;;1;;
2019-07-22;1131,90;1125,27;1128,45;;1;;
2019-07-19;1134,02;1124,47;1128,41;;1;;
2019-07-18;1131,50;1123,04;1131,32;;1;;
2019-07-17;1138,18;1131,90;1132,43;;1;;
2019-07-16;1135,17;1124,49;1134,69;;1;;
2019-07-15;1132,25;1121,98;1130,10;;1;;
2019-07-12;1137,10;1123,31;1124,03;;1;;
2019-07-11;1144,95;1134,45;1135,14;;1;;
2019-07-10;1142,13;1129,68;1138,70;;1;;
2019-07-09;1141,14;1128,33;1135,18;;1;;
2019-07-08;1145,73;1137,53;1141,29;;1;;
2019-07-05;1155,28;1139,82;1141,09;;1;;
2019-07-04;1161,23;1150,35;1153,96;;1;;
2019-07-03;1163,51;1142,70;1159,66;;1;;
2019-07-02;1145,33;1138,62;1144,83;;1;;
2019-07-01;1146,12;1122,85;1141,42;;1;;
2019-06-28;1126,54;1112,21;1122,77;;1;;
2019-06-27;1125,03;1110,97;1114,01;;1;;
2019-06-26;1131,77;1124,92;1125,00;;1;;
2019-06-25;1131,27;1121,75;1130,99;;1;;
2019-06-24;1140,50;1126,18;1129,26;;1;;
2019-06-21;1141,29;1129,68;1129,68;;1;;
2019-06-20;1146,86;1140,13;1141,28;;1;;
2019-06-19;1142,19;1130,08;1142,19;;1;;
2019-06-18;1140,01;1118,93;1138,66;;1;;
2019-06-17;1129,47;1120,41;1128,56;;1;;
2019-06-14;1132,48;1122,42;1125,94;;1;;
2019-06-13;1141,06;1131,68;1133,82;;1;;
2019-06-12;1138,10;1125,07;1137,97;;1;;
2019-06-11;1133,37;1113,42;1129,49;;1;;
2019-06-07;1112,97;1103,29;1112,86;;1;;
2019-06-06;1118,58;1096,88;1107,72;;1;;
2019-06-04;1099,53;1081,04;1094,54;;1;;
2019-06-03;1099,96;1076,68;1099,94;;1;;
2019-05-29;1126,79;1096,79;1097,12;;1;;
2019-05-28;1128,36;1113,59;1127,70;;1;;
2019-05-27;1127,28;1114,76;1114,78;;1;;
2019-05-24;1127,63;1119,53;1122,97;;1;;
2019-05-23;1132,11;1116,77;1118,62;;1;;
2019-05-22;1134,23;1120,71;1132,36;;1;;
2019-05-21;1121,49;1109,46;1120,55;;1;;
2019-05-20;1122,40;1104,49;1108,78;;1;;
2019-05-16;1118,94;1103,15;1117,93;;1;;
2019-05-15;1118,85;1094,74;1103,92;;1;;
2019-05-14;1110,61;1100,03;1108,87;;1;;
2019-05-13;1124,82;1099,34;1101,87;;1;;
2019-05-10;1131,98;1122,39;1125,11;;1;;
2019-05-09;1138,31;1121,14;1125,93;;1;;
2019-05-08;1141,88;1128,47;1138,96;;1;;
2019-05-07;1144,34;1130,37;1133,76;;1;;
2019-05-06;1137,85;1118,83;1130,06;;1;;
2019-05-03;1145,63;1135,77;1138,64;;1;;
2019-05-02;1153,59;1139,10;1141,69;;1;;
2019-05-01;1157,96;1150,89;1153,16;;1;;
2019-04-30;1161,80;1148,67;1149,69;;1;;
2019-04-29;1159,18;1152,27;1157,19;;1;;
2019-04-26;1155,96;1139,60;1155,96;;1;;
2019-04-25;1145,51;1139,02;1139,42;;1;;
2019-04-24;1149,84;1140,42;1143,12;;1;;
2019-04-23;1146,21;1135,58;1143,74;;1;;
2019-04-17;1149,50;1140,10;1141,51;;1;;
2019-04-16;1154,92;1148,52;1149,77;;1;;
2019-04-15;1149,96;1143,33;1149,19;;1;;
2019-04-12;1146,05;1137,98;1144,09;;1;;
2019-04-11;1143,90;1136,35;1140,42;;1;;
2019-04-10;1143,13;1136,34;1140,81;;1;;
2019-04-09;1147,33;1137,39;1139,68;;1;;
2019-04-08;1148,00;1140,75;1143,69;;1;;
2019-04-05;1147,75;1138,03;1143,93;;1;;
2019-04-04;1147,33;1137,64;1137,68;;1;;
2019-04-03;1150,56;1142,01;1146,94;;1;;
2019-04-02;1148,69;1135,56;1147,00;;1;;
2019-04-01;1139,90;1123,39;1139,30;;1;;
2019-03-29;1127,03;1118,46;1122,87;;1;;
2019-03-28;1128,25;1116,80;1119,29;;1;;
2019-03-27;1127,63;1116,35;1118,00;;1;;
2019-03-26;1124,99;1112,56;1122,02;;1;;
2019-03-25;1116,85;1105,10;1112,36;;1;;
2019-03-22;1135,50;1117,98;1118,81;;1;;
2019-03-21;1135,94;1128,23;1134,34;;1;;
2019-03-20;1138,89;1133,62;1135,56;;1;;
2019-03-19;1139,39;1129,87;1138,98;;1;;
2019-03-18;1136,68;1130,86;1133,86;;1;;
2019-03-15;1133,35;1126,61;1130,90;;1;;
2019-03-14;1126,37;1116,53;1126,37;;1;;
2019-03-13;1118,53;1109,02;1118,53;;1;;
2019-03-12;1114,79;1104,57;1112,03;;1;;
2019-03-11;1104,85;1100,35;1103,93;;1;;
2019-03-08;1105,49;1100,29;1101,46;;1;;
2019-03-07;1114,33;1105,24;1105,86;;1;;
2019-03-06;1115,39;1107,99;1108,21;;1;;
2019-03-05;1114,63;1107,97;1113,92;;1;;
2019-03-04;1111,57;1103,91;1111,15;;1;;
2019-03-01;1108,09;1101,34;1104,78;;1;;
2019-02-28;1101,57;1093,38;1100,56;;1;;
2019-02-27;1104,53;1097,58;1099,42;;1;;
2019-02-26;1101,76;1093,96;1101,45;;1;;
2019-02-25;1099,06;1091,02;1097,06;;1;;
2019-02-22;1092,67;1082,14;1091,66;;1;;
2019-02-21;1094,05;1085,06;1086,98;;1;;
2019-02-20;1092,96;1085,86;1092,48;;1;;
2019-02-19;1092,91;1080,92;1083,41;;1;;
2019-02-18;1095,38;1087,93;1092,23;;1;;
2019-02-15;1089,62;1077,00;1089,62;;1;;
2019-02-14;1084,84;1077,21;1083,61;;1;;
2019-02-13;1081,05;1072,70;1076,16;;1;;
2019-02-12;1076,39;1065,47;1076,09;;1;;
2019-02-11;1065,96;1053,24;1063,79;;1;;
2019-02-08;1062,06;1050,83;1051,94;;1;;
2019-02-07;1073,19;1058,36;1061,69;;1;;
2019-02-06;1076,01;1068,11;1068,11;;1;;
2019-02-05;1073,54;1050,67;1073,44;;1;;
2019-02-04;1053,94;1047,00;1049,90;;1;;
2019-02-01;1055,62;1041,05;1054,91;;1;;
2019-01-31;1050,37;1034,62;1035,62;;1;;
2019-01-30;1043,39;1035,54;1042,30;;1;;
2019-01-29;1042,46;1030,51;1039,62;;1;;
2019-01-28;1039,74;1031,42;1031,53;;1;;
2019-01-25;1046,93;1034,35;1035,34;;1;;
2019-01-24;1046,92;1037,14;1040,48;;1;;
2019-01-23;1045,43;1036,62;1042,93;;1;;
2019-01-22;1052,53;1041,22;1044,64;;1;;
2019-01-21;1048,96;1044,03;1048,45;;1;;
2019-01-18;1047,02;1037,19;1044,29;;1;;
2019-01-17;1038,67;1026,19;1036,19;;1;;
2019-01-16;1036,69;1024,41;1032,84;;1;;
2019-01-15;1029,02;1020,89;1024,28;;1;;
2019-01-14;1036,17;1019,42;1021,22;;1;;
2019-01-11;1046,97;1033,27;1037,65;;1;;
2019-01-10;1042,59;1032,47;1037,85;;1;;
2019-01-09;1056,80;1038,73;1044,04;;1;;
2019-01-08;1044,59;1026,74;1037,40;;1;;
2019-01-07;1029,93;1013,67;1027,82;;1;;
2019-01-04;1020,17;996,57;1020,17;;1;;
2019-01-03;1003,54;990,87;995,37;;1;;
2019-01-02;1008,48;988,94;1004,76;;1;;
2018-12-28;998,93;982,56;994,92;;1;;
2018-12-27;1009,18;980,75;980,75;;1;;
2018-12-21;1004,92;986,31;997,93;;1;;
2018-12-20;1019,47;1002,24;1005,51;;1;;
2018-12-19;1030,29;1021,10;1023,41;;1;;
2018-12-18;1037,70;1026,84;1030,48;;1;;
2018-12-17;1046,07;1037,23;1037,93;;1;;
2018-12-14;1050,69;1040,05;1047,89;;1;;
2018-12-13;1051,66;1037,88;1050,41;;1;;
2018-12-12;1041,52;1031,77;1041,47;;1;;
2018-12-11;1043,42;1026,63;1036,84;;1;;
2018-12-10;1037,19;1022,14;1025,76;;1;;
2018-12-07;1045,56;1025,15;1038,90;;1;;
2018-12-06;1045,80;1021,20;1024,85;;1;;
2018-12-05;1048,61;1031,64;1045,95;;1;;
2018-12-04;1051,16;1041,65;1046,34;;1;;
2018-12-03;1063,87;1044,20;1044,20;;1;;
2018-11-30;1047,69;1038,70;1040,54;;1;;
2018-11-29;1054,11;1042,80;1044,66;;1;;
2018-11-28;1049,36;1037,86;1043,31;;1;;
2018-11-27;1055,96;1038,33;1045,10;;1;;
2018-11-26;1052,21;1033,18;1051,59;;1;;
2018-11-23;1033,34;1014,26;1032,17;;1;;
2018-11-22;1020,48;1010,62;1017,04;;1;;
2018-11-21;1017,13;1006,58;1016,71;;1;;
2018-11-20;1027,64;1001,62;1012,44;;1;;
2018-11-19;1045,14;1027,84;1028,74;;1;;
2018-11-16;1042,72;1024,99;1032,60;;1;;
2018-11-15;1055,06;1027,33;1028,78;;1;;
2018-11-14;1053,11;1041,97;1048,55;;1;;
2018-11-13;1063,29;1044,09;1047,85;;1;;
2018-11-12;1069,48;1056,95;1057,31;;1;;
2018-11-09;1065,74;1053,98;1064,45;;1;;
2018-11-08;1076,54;1056,42;1065,04;;1;;
2018-11-07;1057,40;1041,05;1056,38;;1;;
2018-11-06;1042,15;1027,25;1039,88;;1;;
2018-11-05;1046,88;1029,04;1033,79;;1;;
2018-11-02;1057,07;1041,06;1046,62;;1;;
2018-11-01;1047,66;1025,39;1039,39;;1;;
2018-10-31;1028,99;1013,41;1024,81;;1;;
2018-10-30;1019,12;997,15;1010,82;;1;;
2018-10-29;1020,04;993,02;1015,86;;1;;
2018-10-26;1006,04;989,51;992,34;;1;;
2018-10-25;1008,76;993,34;997,96;;1;;
2018-10-24;1022,28;1005,17;1011,29;;1;;
2018-10-23;1040,93;1009,00;1010,20;;1;;
2018-10-22;1055,01;1038,78;1041,35;;1;;
2018-10-19;1054,59;1034,95;1045,67;;1;;
2018-10-18;1059,65;1045,88;1055,38;;1;;
2018-10-17;1057,43;1042,04;1046,07;;1;;
2018-10-16;1047,37;1022,84;1047,37;;1;;
2018-10-15;1028,04;1014,11;1023,20;;1;;
2018-10-12;1032,33;1019,24;1026,50;;1;;
2018-10-11;1021,40;985,87;1013,49;;1;;
2018-10-10;1042,70;1018,86;1018,87;;1;;
2018-10-09;1048,85;1029,53;1042,30;;1;;
2018-10-08;1068,36;1038,05;1045,42;;1;;
2018-10-05;1077,41;1058,57;1068,83;;1;;
2018-10-04;1114,19;1071,62;1075,00;;1;;
2018-10-03;1123,59;1115,51;1116,68;;1;;
2018-10-02;1122,99;1117,62;1120,31;;1;;
2018-10-01;1128,43;1119,89;1121,98;;1;;
2018-09-28;1124,73;1116,59;1120,06;;1;;
2018-09-27;1125,84;1113,22;1120,78;;1;;
2018-09-26;1127,83;1121,86;1126,31;;1;;
2018-09-25;1128,73;1117,99;1127,79;;1;;
2018-09-24;1127,06;1117,35;1117,94;;1;;
2018-09-21;1133,18;1125,87;1127,20;;1;;
2018-09-20;1125,47;1115,17;1124,39;;1;;
2018-09-19;1121,89;1111,10;1115,26;;1;;
2018-09-18;1123,05;1115,21;1120,40;;1;;
2018-09-17;1122,47;1115,70;1115,76;;1;;
2018-09-14;1134,91;1117,91;1123,77;;1;;
2018-09-13;1137,75;1128,72;1129,24;;1;;
2018-09-12;1135,86;1126,07;1132,21;;1;;
2018-09-11;1138,42;1126,25;1127,78;;1;;
2018-09-10;1139,24;1131,88;1135,44;;1;;
2018-09-07;1143,97;1126,31;1136,74;;1;;
2018-09-06;1143,73;1135,47;1138,25;;1;;
2018-09-05;1154,01;1136,57;1136,81;;1;;
2018-09-04;1167,90;1147,76;1154,52;;1;;
2018-09-03;1173,60;1162,52;1167,67;;1;;
2018-08-31;1177,28;1170,29;1171,54;;1;;
2018-08-30;1178,68;1168,95;1178,00;;1;;
2018-08-29;1179,36;1169,88;1176,14;;1;;
2018-08-28;1181,75;1170,69;1176,65;;1;;
2018-08-27;1175,55;1163,41;1174,73;;1;;
2018-08-24;1164,27;1155,70;1163,49;;1;;
2018-08-23;1165,99;1155,65;1156,52;;1;;
2018-08-22;1162,59;1152,37;1159,12;;1;;
2018-08-21;1156,79;1146,25;1152,53;;1;;
2018-08-20;1151,05;1140,91;1148,26;;1;;
2018-08-17;1145,92;1138,30;1140,04;;1;;
2018-08-16;1140,35;1129,85;1140,35;;1;;
2018-08-15;1146,41;1128,74;1129,17;;1;;
2018-08-14;1148,75;1139,55;1142,91;;1;;
2018-08-13;1144,17;1130,24;1142,17;;1;;
2018-08-10;1139,48;1131,09;1134,73;;1;;
2018-08-09;1140,81;1130,68;1140,35;;1;;
2018-08-08;1148,30;1127,98;1131,30;;1;;
2018-08-07;1153,18;1138,01;1148,52;;1;;
2018-08-06;1164,05;1152,85;1153,67;;1;;
2018-08-03;1163,79;1157,36;1159,19;;1;;
2018-08-02;1162,06;1154,66;1157,22;;1;;
2018-08-01;1165,55;1156,97;1160,48;;1;;
2018-07-31;1167,20;1153,14;1157,03;;1;;
2018-07-30;1171,13;1163,48;1164,57;;1;;
2018-07-27;1172,02;1166,16;1169,41;;1;;
2018-07-26;1171,06;1155,60;1170,39;;1;;
2018-07-25;1159,41;1149,46;1156,42;;1;;
2018-07-24;1155,62;1143,18;1153,23;;1;;
2018-07-23;1147,59;1141,05;1143,64;;1;;
2018-07-20;1146,52;1136,39;1146,51;;1;;
2018-07-19;1140,71;1128,50;1136,79;;1;;
2018-07-18;1139,54;1128,70;1132,30;;1;;
2018-07-17;1138,71;1128,39;1138,71;;1;;
2018-07-16;1135,32;1125,78;1127,52;;1;;
2018-07-13;1135,21;1128,16;1129,80;;1;;
2018-07-12;1129,42;1117,46;1128,50;;1;;
2018-07-11;1120,22;1108,19;1114,76;;1;;
2018-07-10;1122,18;1110,69;1120,89;;1;;
2018-07-09;1110,16;1100,49;1109,31;;1;;
2018-07-06;1101,01;1089,97;1100,00;;1;;
2018-07-05;1104,58;1090,69;1094,00;;1;;
2018-07-04;1099,81;1090,98;1099,65;;1;;
2018-07-03;1101,62;1090,03;1098,98;;1;;
2018-07-02;1096,33;1084,85;1089,92;;1;;
2018-06-29;1101,85;1089,11;1097,24;;1;;
2018-06-28;1106,69;1084,21;1087,24;;1;;
2018-06-27;1102,20;1082,08;1101,32;;1;;
2018-06-26;1114,92;1097,14;1098,62;;1;;
2018-06-25;1128,67;1114,69;1114,69;;1;;
2018-06-22;1127,32;1119,51;1124,37;;1;;
2018-06-21;1133,99;1117,67;1119,14;;1;;
2018-06-20;1123,48;1111,41;1121,84;;1;;
2018-06-19;1117,46;1105,66;1111,13;;1;;
2018-06-18;1134,42;1118,30;1120,17;;1;;
2018-06-15;1139,72;1129,54;1134,65;;1;;
2018-06-14;1138,47;1121,97;1134,16;;1;;
2018-06-13;1127,16;1120,75;1125,23;;1;;
2018-06-12;1124,42;1119,80;1121,23;;1;;
2018-06-11;1121,18;1112,55;1119,42;;1;;
2018-06-08;1117,64;1105,98;1112,12;;1;;
2018-06-07;1130,32;1117,25;1118,10;;1;;
2018-06-06;1133,73;1121,83;1125,04;;1;;
2018-06-04;1140,57;1131,30;1132,88;;1;;
2018-06-01;1130,88;1113,72;1129,99;;1;;
2018-05-31;1124,31;1110,94;1113,59;;1;;
2018-05-30;1109,44;1099,35;1109,30;;1;;
2018-05-29;1118,18;1099,48;1107,09;;1;;
2018-05-28;1138,64;1118,39;1119,17;;1;;
2018-05-25;1140,28;1130,56;1134,28;;1;;
2018-05-24;1143,81;1128,11;1129,69;;1;;
2018-05-23;1144,65;1134,06;1142,65;;1;;
2018-05-22;1147,59;1138,73;1143,98;;1;;
2018-05-18;1145,98;1137,83;1139,54;;1;;
2018-05-17;1143,51;1132,07;1143,02;;1;;
2018-05-16;1144,69;1135,75;1143,74;;1;;
2018-05-15;1161,54;1143,98;1144,21;;1;;
2018-05-14;1170,22;1157,99;1161,74;;1;;
2018-05-09;1160,03;1153,60;1157,24;;1;;
2018-05-08;1157,49;1145,73;1157,49;;1;;
2018-05-07;1147,82;1131,56;1147,82;;1;;
2018-05-04;1137,05;1127,36;1130,77;;1;;
2018-05-03;1141,53;1130,77;1132,43;;1;;
2018-05-02;1137,38;1116,98;1133,84;;1;;
2018-05-01;1123,90;1112,93;1116,76;;1;;
2018-04-30;1121,41;1110,78;1113,02;;1;;
2018-04-26;1114,92;1099,88;1114,38;;1;;
2018-04-25;1114,06;1098,49;1101,80;;1;;
2018-04-24;1120,89;1111,37;1114,60;;1;;
2018-04-23;1116,69;1109,30;1114,87;;1;;
2018-04-20;1114,39;1107,92;1110,62;;1;;
2018-04-19;1120,64;1111,38;1111,93;;1;;
2018-04-18;1115,54;1109,18;1115,02;;1;;
2018-04-17;1111,77;1099,88;1111,77;;1;;
2018-04-16;1111,31;1099,41;1099,79;;1;;
2018-04-13;1112,32;1102,95;1102,95;;1;;
2018-04-12;1109,16;1101,02;1105,16;;1;;
2018-04-11;1116,44;1101,17;1102,88;;1;;
2018-04-10;1118,43;1112,13;1116,64;;1;;
2018-04-09;1119,55;1110,24;1112,75;;1;;
2018-04-06;1113,64;1104,92;1109,58;;1;;
2018-04-05;1110,16;1096,92;1110,04;;1;;
2018-04-04;1112,28;1090,18;1092,03;;1;;
2018-04-03;1116,33;1103,33;1110,44;;1;;
2018-03-28;1118,48;1101,25;1114,82;;1;;
2018-03-27;1120,25;1107,20;1108,20;;1;;
2018-03-26;1119,04;1104,75;1104,96;;1;;
2018-03-23;1112,57;1094,38;1109,99;;1;;
2018-03-22;1126,98;1109,14;1109,26;;1;;
2018-03-21;1126,95;1123,53;1124,51;;1;;
2018-03-20;1126,58;1115,16;1124,50;;1;;
2018-03-19;1129,79;1120,25;1123,77;;1;;
2018-03-16;1132,42;1125,93;1129,10;;1;;
2018-03-15;1135,32;1125,26;1133,34;;1;;
2018-03-14;1137,13;1128,92;1128,92;;1;;
2018-03-13;1147,43;1133,13;1133,20;;1;;
2018-03-12;1143,96;1139,57;1140,80;;1;;
2018-03-09;1140,98;1134,55;1138,93;;1;;
2018-03-08;1139,98;1127,10;1139,57;;1;;
2018-03-07;1128,32;1117,74;1128,32;;1;;
2018-03-06;1132,80;1123,16;1124,02;;1;;
2018-03-05;1124,54;1112,89;1121,57;;1;;
2018-03-02;1132,44;1114,65;1117,06;;1;;
2018-03-01;1147,00;1131,83;1135,01;;1;;
2018-02-28;1151,77;1141,80;1147,89;;1;;
2018-02-27;1162,05;1144,48;1149,13;;1;;
2018-02-26;1164,65;1153,99;1161,94;;1;;
2018-02-23;1154,71;1142,23;1152,76;;1;;
2018-02-22;1145,94;1128,61;1143,84;;1;;
2018-02-21;1133,18;1125,36;1131,65;;1;;
2018-02-20;1133,78;1124,09;1132,07;;1;;
2018-02-19;1144,48;1130,66;1131,14;;1;;
2018-02-16;1143,53;1124,51;1142,49;;1;;
2018-02-15;1127,33;1115,78;1121,96;;1;;
2018-02-14;1117,15;1101,97;1115,55;;1;;
2018-02-13;1113,68;1101,82;1103,46;;1;;
2018-02-12;1115,87;1092,60;1111,86;;1;;
2018-02-09;1095,46;1076,92;1088,77;;1;;
2018-02-08;1104,06;1088,86;1090,78;;1;;
2018-02-07;1099,63;1080,26;1098,24;;1;;
2018-02-06;1095,38;1055,38;1083,06;;1;;
2018-02-05;1099,00;1086,21;1096,67;;1;;
2018-02-02;1126,53;1099,26;1099,26;;1;;
2018-02-01;1143,08;1116,91;1117,79;;1;;
2018-01-31;1145,24;1136,44;1136,52;;1;;
2018-01-30;1153,71;1140,74;1140,74;;1;;
2018-01-29;1155,22;1148,93;1149,86;;1;;
2018-01-26;1154,34;1143,21;1151,75;;1;;
2018-01-25;1160,17;1140,27;1142,07;;1;;
2018-01-24;1171,43;1160,31;1160,31;;1;;
2018-01-23;1169,59;1162,51;1165,55;;1;;
2018-01-22;1165,77;1159,60;1164,75;;1;;
2018-01-19;1163,73;1155,37;1162,38;;1;;
2018-01-18;1163,05;1152,86;1154,19;;1;;
2018-01-17;1159,02;1148,18;1156,99;;1;;
2018-01-16;1155,53;1146,93;1153,11;;1;;
2018-01-15;1152,73;1149,18;1150,55;;1;;
2018-01-12;1157,98;1149,97;1151,26;;1;;
2018-01-11;1170,54;1152,75;1159,10;;1;;
2018-01-10;1178,12;1166,96;1169,88;;1;;
2018-01-09;1181,33;1174,17;1175,94;;1;;
2018-01-08;1175,07;1165,24;1174,29;;1;;
2018-01-05;1164,20;1155,67;1164,20;;1;;
2018-01-04;1157,32;1150,64;1155,34;;1;;
2018-01-03;1155,59;1149,11;1152,57;;1;;
2018-01-02;1152,92;1139,78;1149,07;;1;;
2017-12-29;1150,02;1144,25;1145,64;;1;;
2017-12-28;1151,59;1143,72;1145,95;;1;;
2017-12-27;1155,63;1145,76;1149,76;;1;;
2017-12-22;1147,05;1141,49;1146,33;;1;;
2017-12-21;1143,51;1134,64;1142,03;;1;;
2017-12-20;1143,20;1134,90;1135,91;;1;;
2017-12-19;1144,22;1138,72;1138,78;;1;;
2017-12-18;1141,67;1123,33;1139,47;;1;;
2017-12-15;1131,79;1120,93;1122,52;;1;;
2017-12-14;1138,97;1128,83;1132,81;;1;;
2017-12-13;1134,03;1127,68;1128,88;;1;;
2017-12-12;1133,60;1124,35;1132,96;;1;;
2017-12-11;1134,74;1128,20;1131,08;;1;;
2017-12-08;1128,76;1116,70;1128,45;;1;;
2017-12-07;1123,84;1111,59;1117,19;;1;;
2017-12-06;1114,67;1103,64;1112,06;;1;;
2017-12-05;1124,52;1106,39;1107,44;;1;;
2017-12-04;1129,86;1120,04;1120,09;;1;;
2017-12-01;1137,68;1121,35;1124,77;;1;;
2017-11-30;1130,73;1117,92;1129,59;;1;;
2017-11-29;1131,51;1117,38;1121,36;;1;;
2017-11-28;1122,36;1098,78;1121,13;;1;;
2017-11-27;1113,76;1105,86;1105,94;;1;;
2017-11-24;1119,68;1112,81;1113,76;;1;;
2017-11-23;1124,43;1116,96;1118,56;;1;;
2017-11-22;1130,58;1123,24;1124,56;;1;;
2017-11-21;1127,95;1120,28;1124,89;;1;;
2017-11-20;1129,71;1118,76;1127,88;;1;;
2017-11-17;1134,20;1123,35;1127,61;;1;;
2017-11-16;1131,63;1117,35;1130,95;;1;;
2017-11-15;1117,73;1105,83;1116,72;;1;;
2017-11-14;1126,81;1112,06;1116,02;;1;;
2017-11-13;1136,64;1118,20;1123,19;;1;;
2017-11-10;1142,77;1131,94;1134,46;;1;;
2017-11-09;1175,33;1136,37;1138,45;;1;;
2017-11-08;1174,94;1167,83;1174,48;;1;;
2017-11-07;1181,47;1169,09;1169,09;;1;;
2017-11-06;1182,71;1169,93;1180,85;;1;;
2017-11-03;1185,95;1168,58;1169,71;;1;;
2017-11-02;1205,25;1178,86;1183,24;;1;;
2017-11-01;1201,37;1193,80;1196,67;;1;;
2017-10-31;1198,25;1191,50;1195,61;;1;;
2017-10-30;1195,55;1186,99;1195,49;;1;;
2017-10-27;1189,96;1180,90;1188,38;;1;;
2017-10-26;1182,08;1173,25;1179,94;;1;;
2017-10-25;1182,58;1171,60;1176,65;;1;;
2017-10-24;1182,94;1172,53;1174,18;;1;;
2017-10-23;1186,49;1180,51;1182,94;;1;;
2017-10-20;1185,85;1178,95;1182,32;;1;;
2017-10-19;1194,29;1176,25;1178,54;;1;;
2017-10-18;1188,59;1176,11;1186,20;;1;;
2017-10-17;1184,06;1173,11;1176,11;;1;;
2017-10-16;1185,03;1174,45;1182,08;;1;;
2017-10-13;1190,82;1176,91;1179,38;;1;;
2017-10-12;1196,58;1190,42;1190,82;;1;;
2017-10-11;1193,35;1185,73;1192,85;;1;;
2017-10-10;1187,59;1179,83;1185,75;;1;;
2017-10-09;1184,59;1179,82;1183,27;;1;;
2017-10-06;1191,59;1181,41;1182,02;;1;;
2017-10-05;1190,61;1183,90;1187,61;;1;;
2017-10-04;1187,74;1182,82;1187,35;;1;;
2017-10-03;1187,11;1183,35;1184,51;;1;;
2017-10-02;1185,21;1173,99;1185,14;;1;;
2017-09-29;1178,57;1172,57;1173,99;;1;;
2017-09-28;1177,37;1169,83;1176,92;;1;;
2017-09-27;1171,11;1161,10;1169,30;;1;;
2017-09-26;1177,43;1166,33;1166,52;;1;;
2017-09-25;1179,32;1167,33;1177,43;;1;;
2017-09-22;1170,97;1163,38;1168,92;;1;;
2017-09-21;1172,81;1163,75;1166,67;;1;;
2017-09-20;1166,98;1160,43;1164,74;;1;;
2017-09-19;1162,47;1156,24;1160,43;;1;;
2017-09-18;1160,25;1149,18;1158,35;;1;;
2017-09-15;1171,82;1149,18;1149,18;;1;;
2017-09-14;1172,19;1168,67;1171,82;;1;;
2017-09-13;1173,52;1167,66;1170,83;;1;;
2017-09-12;1179,54;1169,42;1173,52;;1;;
2017-09-11;1174,50;1164,08;1173,92;;1;;
2017-09-08;1165,55;1161,62;1164,25;;1;;
2017-09-07;1165,22;1154,08;1164,63;;1;;
2017-09-06;1167,18;1153,98;1157,82;;1;;
2017-09-05;1175,36;1165,93;1166,91;;1;;
2017-09-04;1181,04;1173,58;1174,86;;1;;
2017-09-01;1182,03;1174,72;1181,04;;1;;
2017-08-31;1175,96;1161,94;1174,72;;1;;
2017-08-30;1163,76;1155,54;1161,94;;1;;
2017-08-29;1166,47;1150,67;1155,54;;1;;
2017-08-28;1170,32;1163,91;1166,47;;1;;
2017-08-25;1174,57;1168,22;1168,22;;1;;
2017-08-24;1172,72;1158,17;1170,94;;1;;
2017-08-23;1167,26;1158,39;1159,56;;1;;
2017-08-22;1167,91;1152,28;1167,26;;1;;
2017-08-21;1160,31;1148,94;1152,50;;1;;
2017-08-18;1154,25;1145,70;1150,31;;1;;
2017-08-17;1169,20;1152,67;1152,67;;1;;
2017-08-16;1174,65;1162,39;1165,20;;1;;
2017-08-15;1171,35;1163,46;1165,21;;1;;
2017-08-14;1171,75;1162,46;1167,06;;1;;
2017-08-11;1162,99;1145,77;1162,46;;1;;
2017-08-10;1170,95;1159,69;1159,95;;1;;
2017-08-09;1171,19;1159,52;1170,27;;1;;
2017-08-08;1170,36;1157,22;1161,08;;1;;
2017-08-07;1173,34;1168,37;1170,20;;1;;
2017-08-04;1169,53;1157,24;1169,53;;1;;
2017-08-03;1167,88;1158,66;1159,88;;1;;
2017-08-02;1174,96;1162,86;1164,98;;1;;
2017-08-01;1172,23;1164,85;1169,88;;1;;
2017-07-31;1172,96;1164,65;1168,66;;1;;
2017-07-28;1170,83;1161,42;1164,72;;1;;
2017-07-27;1171,08;1166,38;1170,59;;1;;
2017-07-26;1170,18;1160,01;1167,34;;1;;
2017-07-25;1164,98;1153,48;1161,72;;1;;
2017-07-24;1169,30;1152,78;1154,14;;1;;
2017-07-21;1180,13;1162,90;1166,74;;1;;
2017-07-20;1181,11;1173,58;1175,26;;1;;
2017-07-19;1180,40;1172,59;1175,97;;1;;
2017-07-18;1181,22;1172,74;1174,91;;1;;
2017-07-17;1178,42;1170,79;1177,72;;1;;
2017-07-14;1172,59;1165,94;1172,01;;1;;
2017-07-13;1167,68;1163,58;1166,01;;1;;
2017-07-12;1167,17;1154,64;1166,34;;1;;
2017-07-11;1161,80;1151,88;1155,60;;1;;
2017-07-10;1160,37;1151,00;1158,68;;1;;
2017-07-07;1151,32;1142,62;1151,00;;1;;
2017-07-06;1161,71;1146,65;1149,63;;1;;
2017-07-05;1158,96;1151,32;1158,92;;1;;
2017-07-04;1156,16;1150,07;1153,09;;1;;
2017-07-03;1156,24;1143,24;1156,16;;1;;
2017-06-30;1146,26;1128,35;1143,24;;1;;
2017-06-29;1154,71;1132,96;1136,00;;1;;
2017-06-28;1151,68;1140,47;1149,32;;1;;
2017-06-27;1165,38;1150,71;1151,68;;1;;
2017-06-26;1169,86;1165,38;1165,38;;1;;
2017-06-23;1167,05;1162,74;1165,59;;1;;
2017-06-22;1169,97;1163,91;1166,96;;1;;
2017-06-21;1172,79;1161,06;1169,76;;1;;
2017-06-20;1179,78;1172,11;1172,15;;1;;
2017-06-19;1176,52;1160,17;1176,42;;1;;
2017-06-16;1161,51;1153,71;1160,17;;1;;
2017-06-15;1166,69;1150,04;1153,30;;1;;
2017-06-14;1175,64;1165,27;1167,44;;1;;
2017-06-13;1165,51;1152,99;1165,09;;1;;
2017-06-12;1160,35;1152,28;1152,99;;1;;
2017-06-09;1161,47;1152,42;1160,29;;1;;
2017-06-08;1163,17;1152,13;1152,42;;1;;
2017-06-07;1163,13;1155,43;1157,17;;1;;
2017-06-06;1165,30;1159,98;1161,44;;1;;
2017-06-02;1165,53;1151,97;1162,00;;1;;
2017-06-01;1155,53;1147,94;1152,46;;1;;
2017-05-31;1152,50;1139,55;1150,02;;1;;
2017-05-30;1139,78;1129,36;1139,78;;1;;
2017-05-29;1143,57;1136,02;1137,41;;1;;
2017-05-24;1144,31;1138,96;1143,97;;1;;
2017-05-23;1143,97;1136,20;1143,95;;1;;
2017-05-22;1144,43;1138,08;1142,70;;1;;
2017-05-19;1140,20;1130,02;1138,08;;1;;
2017-05-18;1131,09;1118,34;1129,74;;1;;
2017-05-17;1146,06;1123,30;1123,30;;1;;
2017-05-16;1151,03;1142,73;1146,06;;1;;
2017-05-15;1153,44;1144,92;1149,64;;1;;
2017-05-11;1151,89;1140,76;1144,44;;1;;
2017-05-10;1146,55;1132,96;1146,55;;1;;
2017-05-09;1152,84;1137,12;1137,57;;1;;
2017-05-08;1151,49;1138,77;1144,07;;1;;
2017-05-05;1146,22;1133,48;1145,77;;1;;
2017-05-04;1139,22;1130,44;1134,40;;1;;
2017-05-03;1139,41;1129,03;1129,61;;1;;
2017-05-02;1129,73;1123,81;1128,70;;1;;
2017-05-01;1128,82;1124,51;1124,61;;1;;
2017-04-28;1127,39;1118,60;1126,44;;1;;
2017-04-27;1120,56;1110,37;1120,12;;1;;
2017-04-26;1115,10;1103,30;1115,10;;1;;
2017-04-25;1105,18;1098,50;1104,57;;1;;
2017-04-24;1100,67;1086,61;1098,86;;1;;
2017-04-21;1092,46;1082,40;1082,56;;1;;
2017-04-20;1090,51;1081,37;1090,44;;1;;
2017-04-19;1083,50;1073,54;1081,59;;1;;
2017-04-18;1089,34;1070,65;1073,39;;1;;
2017-04-12;1089,49;1080,20;1088,49;;1;;
2017-04-11;1084,94;1075,65;1080,15;;1;;
2017-04-10;1080,71;1073,57;1080,66;;1;;
2017-04-07;1077,35;1069,73;1073,42;;1;;
2017-04-06;1080,38;1071,10;1077,86;;1;;
2017-04-05;1082,03;1077,17;1078,86;;1;;
2017-04-04;1076,75;1065,94;1076,56;;1;;
2017-04-03;1078,77;1066,00;1066,00;;1;;
2017-03-31;1076,82;1067,11;1075,07;;1;;
2017-03-30;1073,61;1068,23;1072,92;;1;;
2017-03-29;1069,38;1062,47;1067,40;;1;;
2017-03-28;1068,98;1063,23;1067,84;;1;;
2017-03-27;1065,84;1058,50;1062,49;;1;;
2017-03-24;1067,85;1062,00;1066,90;;1;;
2017-03-23;1064,73;1053,26;1064,53;;1;;
2017-03-22;1060,41;1042,82;1054,30;;1;;
2017-03-21;1079,34;1059,71;1061,12;;1;;
2017-03-20;1076,97;1072,09;1075,44;;1;;
2017-03-17;1077,97;1071,01;1075,63;;1;;
2017-03-16;1081,15;1073,08;1078,01;;1;;
2017-03-15;1073,31;1068,83;1073,05;;1;;
2017-03-14;1073,11;1067,75;1071,32;;1;;
2017-03-13;1070,02;1064,84;1070,02;;1;;
2017-03-10;1065,81;1056,28;1065,53;;1;;
2017-03-09;1058,01;1050,05;1056,09;;1;;
2017-03-08;1058,77;1053,11;1057,43;;1;;
2017-03-07;1062,90;1055,38;1056,49;;1;;
2017-03-06;1066,55;1059,70;1061,95;;1;;
2017-03-03;1072,54;1064,51;1066,51;;1;;
2017-03-02;1076,95;1072,11;1072,68;;1;;
2017-03-01;1073,19;1060,60;1072,33;;1;;
2017-02-28;1062,82;1053,85;1060,33;;1;;
2017-02-27;1065,45;1057,93;1059,72;;1;;
2017-02-24;1073,80;1060,51;1061,08;;1;;
2017-02-23;1078,08;1072,39;1072,43;;1;;
2017-02-22;1077,66;1069,64;1074,72;;1;;
2017-02-21;1077,00;1063,46;1076,86;;1;;
2017-02-20;1076,49;1066,54;1067,82;;1;;
2017-02-17;1077,09;1067,81;1072,36;;1;;
2017-02-16;1079,19;1073,78;1076,81;;1;;
2017-02-15;1075,34;1071,08;1074,79;;1;;
2017-02-14;1074,10;1067,54;1071,50;;1;;
2017-02-13;1071,64;1064,95;1071,58;;1;;
2017-02-10;1067,28;1058,77;1065,91;;1;;
2017-02-09;1061,03;1045,18;1060,94;;1;;
2017-02-08;1052,93;1042,29;1044,90;;1;;
2017-02-07;1053,42;1047,25;1052,38;;1;;
2017-02-06;1063,48;1053,77;1053,77;;1;;
2017-02-03;1061,05;1054,80;1060,79;;1;;
2017-02-02;1065,22;1049,96;1055,49;;1;;
2017-02-01;1066,15;1049,63;1061,13;;1;;
2017-01-31;1055,72;1047,09;1049,56;;1;;
2017-01-30;1052,46;1044,15;1048,15;;1;;
2017-01-27;1052,62;1043,24;1052,62;;1;;
2017-01-26;1049,54;1039,02;1044,71;;1;;
2017-01-25;1038,84;1025,92;1038,84;;1;;
2017-01-24;1031,75;1023,10;1024,96;;1;;
2017-01-23;1032,64;1025,85;1026,28;;1;;
2017-01-20;1036,09;1029,06;1033,49;;1;;
2017-01-19;1035,13;1029,07;1033,50;;1;;
2017-01-18;1037,08;1027,04;1030,35;;1;;
2017-01-17;1038,06;1031,04;1033,55;;1;;
2017-01-16;1042,79;1037,94;1038,29;;1;;
2017-01-13;1039,68;1025,05;1039,68;;1;;
2017-01-12;1033,48;1020,25;1024,95;;1;;
2017-01-11;1034,34;1025,47;1034,27;;1;;
2017-01-10;1034,11;1025,94;1026,30;;1;;
2017-01-09;1042,46;1030,29;1031,50;;1;;
2017-01-06;1040,30;1033,97;1037,59;;1;;
2017-01-05;1036,18;1025,59;1034,99;;1;;
2017-01-04;1033,01;1025,42;1025,78;;1;;
2017-01-03;1041,93;1030,88;1030,89;;1;;
2017-01-02;1035,39;1014,99;1034,03;;1;;
2016-12-30;1017,09;1013,65;1015,88;;1;;
2016-12-29;1016,82;1007,01;1016,69;;1;;
2016-12-28;1012,81;1009,02;1012,81;;1;;
2016-12-27;1011,75;1007,60;1011,75;;1;;
2016-12-23;1009,60;1003,78;1007,37;;1;;
2016-12-22;1007,46;1000,51;1005,73;;1;;
2016-12-21;1005,44;1000,18;1002,97;;1;;
2016-12-20;1005,79;999,19;1002,30;;1;;
2016-12-19;1003,57;993,68;999,74;;1;